variable,type,description,values_or_example
image_id,string,Unique identifier of an RGB-NIR pair,rain_seq012_000345
sequence_id,string,Drive sequence the frame belongs to (used to prevent leakage),seq012
condition,categorical,Weather or lighting condition,rain; fog; low_light; snow
split,categorical,Partition of the competition split,train; val; test
"rgb_path, nir_path",string,Relative paths to the RGB and NIR images,data/raw/.../rgb/000345.png
mask_path,string,Path to the pixel-level label map (level-4 labels),data/raw/.../gt/000345.png
"width_px, height_px",integer,Image size in pixels,to be read from files
class_id,integer (0-29),Level-4 label index in the label map,0-29
"parent_l1, parent_l2, parent_l3",string,Ancestors of a class at levels 1-3 of the label tree,from label file
"tree_distance(c, s)",float (0-3),Shortest path length between classes c and s in the tree divided by 2,person-rider = 1
is_vru,binary,"1 if the class is a vulnerable road user (pedestrian, rider, animal)",0; 1
is_drivable,binary,1 if the class is a drivable surface,0; 1
has_vru,binary (derived),1 if the ground truth contains any vulnerable-road-user pixel,0; 1
input_variant,categorical,Model input,rgb; early_fusion; late_fusion
loss_variant,categorical,Training loss,ce; ce_td
seed,integer,Random seed of the run,1; 2; 3
"miou_img, smiou_img",float (0-1),Per-image mIoU and SmIoU over classes present in the ground truth,0.71; 0.65
"vru_miss_pixels, vru_pixels",integer,"Vulnerable-road-user pixels predicted as drivable, and total such pixels","412; 5,830"
vru_miss_img,binary (derived),1 if the image has at least one vulnerable-road-user pixel predicted as drivable (after a minimum-area filter),0; 1
